,Country,Confirmed,Deaths,Recovered,Active,New cases,New deaths,New recovered,Deaths / 100 Cases,Recovered / 100 Cases,Deaths / 100 Recovered,Confirmed last week,1 week change,1 week % increase,WHO Region,Country,Region,Population,Area (sq. mi.),Pop. Density (per sq. mi.),Coastline (coast/area ratio),Net migration,Infant mortality (per 1000 births),GDP ($ per capita),Literacy (%),Phones (per 1000),Arable (%),Crops (%),Other (%),Climate,Birthrate,Deathrate,Agriculture,Industry,Service
0,Afghanistan,36263,1269,25198,9796,106,10,18,3.5,69.49,5.04,35526,737,2.07,Eastern Mediterranean,Afghanistan ,ASIA (EX. NEAR EAST)         ,31056997,647500,"48,0","0,00","23,06","163,07",700.0,"36,0","3,2","12,13","0,22","87,65",1,"46,6","20,34","0,38","0,24","0,38"
1,Albania,4880,144,2745,1991,117,6,63,2.95,56.25,5.25,4171,709,17.0,Europe,Albania ,EASTERN EUROPE                     ,3581655,28748,"124,6","1,26","-4,93","21,52",4500.0,"86,5","71,2","21,09","4,42","74,49",3,"15,11","5,22","0,232","0,188","0,579"
2,Algeria,27973,1163,18837,7973,616,8,749,4.16,67.34,6.17,23691,4282,18.07,Africa,Algeria ,NORTHERN AFRICA                    ,32930091,2381740,"13,8","0,04","-0,39",31,6000.0,"70,0","78,1","3,22","0,25","96,53",1,"17,14","4,61","0,101","0,6","0,298"
3,Andorra,907,52,803,52,10,0,0,5.73,88.53,6.48,884,23,2.6,Europe,American Samoa ,OCEANIA                            ,57794,199,"290,4","58,29","-20,71","9,27",8000.0,"97,0","259,5",10,15,75,2,"22,46","3,27",,,
4,Angola,950,41,242,667,18,1,0,4.32,25.47,16.94,749,201,26.84,Africa,Andorra ,WESTERN EUROPE                     ,71201,468,"152,1","0,00","6,6","4,05",19000.0,"100,0","497,2","2,22",0,"97,78",3,"8,71","6,25",,,
5,Antigua and Barbuda,86,3,65,18,4,0,5,3.49,75.58,4.62,76,10,13.16,Americas,Angola ,SUB-SAHARAN AFRICA                 ,12127071,1246700,"9,7","0,13",0,"191,19",1900.0,"42,0","7,8","2,41","0,24","97,35",,"45,11","24,2","0,096","0,658","0,246"
6,Argentina,167416,3059,72575,91782,4890,120,2057,1.83,43.35,4.21,130774,36642,28.02,Americas,Anguilla ,LATIN AMER. & CARIB    ,13477,102,"132,1","59,80","10,76","21,03",8600.0,"95,0","460,0",0,0,100,2,"14,17","5,34","0,04","0,18","0,78"
7,Armenia,37390,711,26665,10014,73,6,187,1.9,71.32,2.67,34981,2409,6.89,Europe,Antigua & Barbuda ,LATIN AMER. & CARIB    ,69108,443,"156,0","34,54","-6,15","19,46",11000.0,"89,0","549,9","18,18","4,55","77,27",2,"16,93","5,37","0,038","0,22","0,743"
8,Australia,15303,167,9311,5825,368,6,137,1.09,60.84,1.79,12428,2875,23.13,Western Pacific,Argentina ,LATIN AMER. & CARIB    ,39921833,2766890,"14,4","0,18","0,61","15,18",11200.0,"97,1","220,4","12,31","0,48","87,21",3,"16,73","7,55","0,095","0,358","0,547"
9,Austria,20558,713,18246,1599,86,1,37,3.47,88.75,3.91,19743,815,4.13,Europe,Armenia ,C.W. OF IND. STATES ,2976372,29800,"99,9","0,00","-6,47","23,28",3500.0,"98,6","195,7","17,55","2,3","80,15",4,"12,07","8,23","0,239","0,343","0,418"
10,Azerbaijan,30446,423,23242,6781,396,6,558,1.39,76.34,1.82,27890,2556,9.16,Europe,Aruba ,LATIN AMER. & CARIB    ,71891,193,"372,5","35,49",0,"5,89",28000.0,"97,0","516,1","10,53",0,"89,47",2,"11,03","6,68","0,004","0,333","0,663"
11,Bahamas,382,11,91,280,40,0,0,2.88,23.82,12.09,174,208,119.54,Americas,Australia ,OCEANIA                            ,20264082,7686850,"2,6","0,34","3,98","4,69",29000.0,"100,0","565,5","6,55","0,04","93,41",1,"12,14","7,51","0,038","0,262","0,7"
12,Bahrain,39482,141,36110,3231,351,1,421,0.36,91.46,0.39,36936,2546,6.89,Eastern Mediterranean,Austria ,WESTERN EUROPE                     ,8192880,83870,"97,7","0,00",2,"4,66",30000.0,"98,0","452,2","16,91","0,86","82,23",3,"8,74","9,76","0,018","0,304","0,678"
13,Bangladesh,226225,2965,125683,97577,2772,37,1801,1.31,55.56,2.36,207453,18772,9.05,South-East Asia,Azerbaijan ,C.W. OF IND. STATES ,7961619,86600,"91,9","0,00","-4,9","81,74",3400.0,"97,0","137,1","19,63","2,71","77,66",1,"20,74","9,75","0,141","0,457","0,402"
14,Barbados,110,7,94,9,0,0,0,6.36,85.45,7.45,106,4,3.77,Americas,"Bahamas, The ",LATIN AMER. & CARIB    ,303770,13940,"21,8","25,41","-2,2","25,21",16700.0,"95,6","460,6","0,8","0,4","98,8",2,"17,57","9,05","0,03","0,07","0,9"
15,Belarus,67251,538,60492,6221,119,4,67,0.8,89.95,0.89,66213,1038,1.57,Europe,Bahrain ,NEAR EAST                          ,698585,665,"1050,5","24,21","1,05","17,27",16900.0,"89,1","281,3","2,82","5,63","91,55",1,"17,8","4,14","0,005","0,387","0,608"
16,Belgium,66428,9822,17452,39154,402,1,14,14.79,26.27,56.28,64094,2334,3.64,Europe,Bangladesh ,ASIA (EX. NEAR EAST)         ,147365352,144000,"1023,4","0,40","-0,71","62,6",1900.0,"43,1","7,3","62,11","3,07","34,82",2,"29,8","8,27","0,199","0,198","0,603"
17,Belize,48,2,26,20,0,0,0,4.17,54.17,7.69,40,8,20.0,Americas,Barbados ,LATIN AMER. & CARIB    ,279912,431,"649,5","22,51","-0,31","12,5",15700.0,"97,4","481,9","37,21","2,33","60,46",2,"12,71","8,67","0,06","0,16","0,78"
18,Benin,1770,35,1036,699,0,0,0,1.98,58.53,3.38,1602,168,10.49,Africa,Belarus ,C.W. OF IND. STATES ,10293011,207600,"49,6","0,00","2,54","13,37",6100.0,"99,6","319,1","29,55","0,6","69,85",4,"11,16","14,02","0,093","0,316","0,591"
19,Bhutan,99,0,86,13,4,0,1,0.0,86.87,0.0,90,9,10.0,South-East Asia,Belgium ,WESTERN EUROPE                     ,10379067,30528,"340,0","0,22","1,23","4,68",29100.0,"98,0","462,6","23,28","0,4","76,32",3,"10,38","10,27","0,01","0,24","0,749"
20,Bolivia,71181,2647,21478,47056,1752,64,309,3.72,30.17,12.32,60991,10190,16.71,Americas,Belize ,LATIN AMER. & CARIB    ,287730,22966,"12,5","1,68",0,"25,69",4900.0,"94,1","115,7","2,85","1,71","95,44",2,"28,84","5,72","0,142","0,152","0,612"
21,Bosnia and Herzegovina,10498,294,4930,5274,731,14,375,2.8,46.96,5.96,8479,2019,23.81,Europe,Benin ,SUB-SAHARAN AFRICA                 ,7862944,112620,"69,8","0,11",0,85,1100.0,"40,9","9,7","18,08","2,4","79,52",2,"38,85","12,22","0,316","0,138","0,546"
22,Botswana,739,2,63,674,53,1,11,0.27,8.53,3.17,522,217,41.57,Africa,Bermuda ,NORTHERN AMERICA                   ,65773,53,"1241,0","194,34","2,49","8,53",36000.0,"98,0","851,4",20,0,80,2,"11,4","7,74","0,01","0,1","0,89"
23,Brazil,2442375,87618,1846641,508116,23284,614,33728,3.59,75.61,4.74,2118646,323729,15.28,Americas,Bhutan ,ASIA (EX. NEAR EAST)         ,2279723,47000,"48,5","0,00",0,"100,44",1300.0,"42,2","14,3","3,09","0,43","96,48",2,"33,65","12,7","0,258","0,379","0,363"
24,Brunei,141,3,138,0,0,0,0,2.13,97.87,2.17,141,0,0.0,Western Pacific,Bolivia ,LATIN AMER. & CARIB    ,8989046,1098580,"8,2","0,00","-1,32","53,11",2400.0,"87,2","71,9","2,67","0,19","97,14","1,5","23,3","7,53","0,128","0,352","0,52"
25,Bulgaria,10621,347,5585,4689,194,7,230,3.27,52.58,6.21,8929,1692,18.95,Europe,Bosnia & Herzegovina ,EASTERN EUROPE                     ,4498976,51129,"88,0","0,04","0,31","21,05",6100.0,,"215,4","13,6","2,96","83,44",4,"8,77","8,27","0,142","0,308","0,55"
26,Burkina Faso,1100,53,926,121,14,0,6,4.82,84.18,5.72,1065,35,3.29,Africa,Botswana ,SUB-SAHARAN AFRICA                 ,1639833,600370,"2,7","0,00",0,"54,58",9000.0,"79,8","80,5","0,65","0,01","99,34",1,"23,08","29,5","0,024","0,469","0,507"
27,Burma,350,6,292,52,0,0,2,1.71,83.43,2.05,341,9,2.64,South-East Asia,Brazil ,LATIN AMER. & CARIB    ,188078227,8511965,"22,1","0,09","-0,03","29,61",7600.0,"86,4","225,3","6,96","0,9","92,15",2,"16,56","6,17","0,084","0,4","0,516"
28,Burundi,378,1,301,76,17,0,22,0.26,79.63,0.33,322,56,17.39,Africa,British Virgin Is. ,LATIN AMER. & CARIB    ,23098,153,"151,0","52,29","10,01","18,05",16000.0,"97,8","506,5",20,"6,67","73,33",2,"14,89","4,42","0,018","0,062","0,92"
29,Cabo Verde,2328,22,1550,756,21,0,103,0.95,66.58,1.42,2071,257,12.41,Africa,Brunei ,ASIA (EX. NEAR EAST)         ,379444,5770,"65,8","2,79","3,59","12,61",18600.0,"93,9","237,2","0,57","0,76","98,67",2,"18,79","3,45","0,036","0,561","0,403"
30,Cambodia,226,0,147,79,1,0,4,0.0,65.04,0.0,171,55,32.16,Western Pacific,Bulgaria ,EASTERN EUROPE                     ,7385367,110910,"66,6","0,32","-4,58","20,55",7600.0,"98,6","336,3","40,02","1,92","58,06",3,"9,65","14,27","0,093","0,304","0,603"
31,Cameroon,17110,391,14539,2180,402,6,0,2.29,84.97,2.69,16157,953,5.9,Africa,Burkina Faso ,SUB-SAHARAN AFRICA                 ,13902972,274200,"50,7","0,00",0,"97,57",1100.0,"26,6","7,0","14,43","0,19","85,38",2,"45,62","15,6","0,322","0,196","0,482"
32,Canada,116458,8944,0,107514,682,11,0,7.68,0.0,inf,112925,3533,3.13,Americas,Burma ,ASIA (EX. NEAR EAST)         ,47382633,678500,"69,8","0,28","-1,8","67,24",1800.0,"85,3","10,1","15,19","0,97","83,84",2,"17,91","9,83","0,564","0,082","0,353"
33,Central African Republic,4599,59,1546,2994,0,0,0,1.28,33.62,3.82,4548,51,1.12,Africa,Burundi ,SUB-SAHARAN AFRICA                 ,8090068,27830,"290,7","0,00","-0,06","69,29",600.0,"51,6","3,4","35,05","14,02","50,93",2,"42,22","13,46","0,463","0,203","0,334"
34,Chad,922,75,810,37,7,0,0,8.13,87.85,9.26,889,33,3.71,Africa,Cambodia ,ASIA (EX. NEAR EAST)         ,13881427,181040,"76,7","0,24",0,"71,48",1900.0,"69,4","2,6","20,96","0,61","78,43",2,"26,9","9,06","0,35","0,3","0,35"
35,Chile,347923,9187,319954,18782,2133,75,1859,2.64,91.96,2.87,333029,14894,4.47,Americas,Cameroon ,SUB-SAHARAN AFRICA                 ,17340702,475440,"36,5","0,08",0,"68,26",1800.0,"79,0","5,7","12,81","2,58","84,61","1,5","33,89","13,47","0,448","0,17","0,382"
36,China,86783,4656,78869,3258,213,4,7,5.37,90.88,5.9,85622,1161,1.36,Western Pacific,Canada ,NORTHERN AMERICA                   ,33098932,9984670,"3,3","2,02","5,96","4,75",29800.0,"97,0","552,2","4,96","0,02","95,02",,"10,78","7,8","0,022","0,294","0,684"
37,Colombia,257101,8777,131161,117163,16306,508,11494,3.41,51.02,6.69,204005,53096,26.03,Americas,Cape Verde ,SUB-SAHARAN AFRICA                 ,420979,4033,"104,4","23,93","-12,07","47,77",1400.0,"76,6","169,6","9,68","0,5","89,82",3,"24,87","6,55","0,121","0,219","0,66"
38,Comoros,354,7,328,19,0,0,0,1.98,92.66,2.13,334,20,5.99,Africa,Cayman Islands ,LATIN AMER. & CARIB    ,45436,262,"173,4","61,07","18,75","8,19",35000.0,"98,0","836,3","3,85",0,"96,15",2,"12,74","4,89","0,014","0,032","0,954"
39,Congo (Brazzaville),3200,54,829,2317,162,3,73,1.69,25.91,6.51,2851,349,12.24,Africa,Central African Rep. ,SUB-SAHARAN AFRICA                 ,4303356,622984,"6,9","0,00",0,91,1100.0,"51,0","2,3","3,1","0,14","96,76",2,"33,91","18,65","0,55","0,2","0,25"
40,Congo (Kinshasa),8844,208,5700,2936,13,4,190,2.35,64.45,3.65,8443,401,4.75,Africa,Chad ,SUB-SAHARAN AFRICA                 ,9944201,1284000,"7,7","0,00","-0,11","93,82",1200.0,"47,5","1,3","2,86","0,02","97,12",2,"45,73","16,38","0,335","0,259","0,406"
41,Costa Rica,15841,115,3824,11902,612,11,88,0.73,24.14,3.01,11534,4307,37.34,Americas,Chile ,LATIN AMER. & CARIB    ,16134219,756950,"21,3","0,85",0,"8,8",9900.0,"96,2","213,0","2,65","0,42","96,93",3,"15,23","5,81","0,06","0,493","0,447"
42,Cote d'Ivoire,15655,96,10361,5198,59,0,183,0.61,66.18,0.93,14312,1343,9.38,Africa,China ,ASIA (EX. NEAR EAST)         ,1313973713,9596960,"136,9","0,15","-0,4","24,18",5000.0,"90,9","266,7","15,4","1,25","83,35","1,5","13,25","6,97","0,125","0,473","0,403"
43,Croatia,4881,139,3936,806,24,3,70,2.85,80.64,3.53,4370,511,11.69,Europe,Colombia ,LATIN AMER. & CARIB    ,43593035,1138910,"38,3","0,28","-0,31","20,97",6300.0,"92,5","176,2","2,42","1,67","95,91",2,"20,48","5,58","0,125","0,342","0,533"
44,Cuba,2532,87,2351,94,37,0,2,3.44,92.85,3.7,2446,86,3.52,Americas,Comoros ,SUB-SAHARAN AFRICA                 ,690948,2170,"318,4","15,67",0,"74,93",700.0,"56,5","24,5","35,87","23,32","40,81",2,"36,93","8,2","0,4","0,04","0,56"
45,Cyprus,1060,19,852,189,3,0,0,1.79,80.38,2.23,1038,22,2.12,Europe,"Congo, Dem. Rep. ",SUB-SAHARAN AFRICA                 ,62660551,2345410,"26,7","0,00",0,"94,69",700.0,"65,5","0,2","2,96","0,52","96,52",2,"43,69","13,27","0,55","0,11","0,34"
46,Czechia,15516,373,11428,3715,192,2,0,2.4,73.65,3.26,14098,1418,10.06,Europe,"Congo, Repub. of the ",SUB-SAHARAN AFRICA                 ,3702314,342000,"10,8","0,05","-0,17","93,86",700.0,"83,8","3,7","0,51","0,13","99,36",2,"42,57","12,93","0,062","0,57","0,369"
47,Denmark,13761,613,12605,543,109,0,77,4.45,91.6,4.86,13453,308,2.29,Europe,Cook Islands ,OCEANIA                            ,21388,240,"89,1","50,00",,,5000.0,"95,0","289,9","17,39","13,04","69,57",2,21,,"0,151","0,096","0,753"
48,Djibouti,5059,58,4977,24,9,0,11,1.15,98.38,1.17,5020,39,0.78,Eastern Mediterranean,Costa Rica ,LATIN AMER. & CARIB    ,4075261,51100,"79,8","2,52","0,51","9,95",9100.0,"96,0","340,7","4,41","5,88","89,71",2,"18,32","4,36","0,088","0,299","0,614"
49,Dominica,18,0,18,0,0,0,0,0.0,100.0,0.0,18,0,0.0,Americas,Cote d'Ivoire ,SUB-SAHARAN AFRICA                 ,17654843,322460,"54,8","0,16","-0,07","90,83",1400.0,"50,9","14,6","9,75","13,84","76,41",2,"35,11","14,84","0,279","0,171","0,55"
50,Dominican Republic,64156,1083,30204,32869,1248,20,1601,1.69,47.08,3.59,53956,10200,18.9,Americas,Croatia ,EASTERN EUROPE                     ,4494749,56542,"79,5","10,32","1,58","6,84",10600.0,"98,5","420,4","26,09","2,27","71,65",,"9,61","11,48","0,07","0,308","0,622"
51,Ecuador,81161,5532,34896,40733,467,17,0,6.82,43.0,15.85,74620,6541,8.77,Americas,Cuba ,LATIN AMER. & CARIB    ,11382820,110860,"102,7","3,37","-1,58","6,33",2900.0,"97,0","74,7","33,05","7,6","59,35",2,"11,89","7,22","0,055","0,261","0,684"
52,Egypt,92482,4652,34838,52992,420,46,1007,5.03,37.67,13.35,88402,4080,4.62,Eastern Mediterranean,Cyprus ,NEAR EAST                          ,784301,9250,"84,8","7,01","0,43","7,18",19200.0,"97,6",,"7,79","4,44","87,77",3,"12,56","7,68","0,037","0,198","0,765"
53,El Salvador,15035,408,7778,6849,405,8,130,2.71,51.73,5.25,12207,2828,23.17,Americas,Czech Republic ,EASTERN EUROPE                     ,10235455,78866,"129,8","0,00","0,97","3,93",15700.0,"99,9","314,3","39,8","3,05","57,15",3,"9,02","10,59","0,034","0,393","0,573"
54,Equatorial Guinea,3071,51,842,2178,0,0,0,1.66,27.42,6.06,3071,0,0.0,Africa,Denmark ,WESTERN EUROPE                     ,5450661,43094,"126,5","16,97","2,48","4,56",31100.0,"100,0","614,6","54,02","0,19","45,79",3,"11,13","10,36","0,018","0,246","0,735"
55,Eritrea,265,0,191,74,2,0,2,0.0,72.08,0.0,251,14,5.58,Africa,Djibouti ,SUB-SAHARAN AFRICA                 ,486530,23000,"21,2","1,37",0,"104,13",1300.0,"67,9","22,8","0,04",0,"99,96",1,"39,53","19,31","0,179","0,225","0,596"
56,Estonia,2034,69,1923,42,0,0,1,3.39,94.54,3.59,2021,13,0.64,Europe,Dominica ,LATIN AMER. & CARIB    ,68910,754,"91,4","19,63","-13,87","14,15",5400.0,"94,0","304,8","6,67",20,"73,33",2,"15,27","6,73","0,177","0,328","0,495"
57,Eswatini,2316,34,1025,1257,109,2,39,1.47,44.26,3.32,1826,490,26.83,Africa,Dominican Republic ,LATIN AMER. & CARIB    ,9183984,48730,"188,5","2,64","-3,22","32,38",6000.0,"84,7","97,4","22,65","10,33","67,02",2,"23,22","5,73","0,112","0,306","0,582"
58,Ethiopia,14547,228,6386,7933,579,5,170,1.57,43.9,3.57,10207,4340,42.52,Africa,East Timor ,ASIA (EX. NEAR EAST)         ,1062777,15007,"70,8","4,70",0,"47,41",500.0,"58,6",,"4,71","0,67","94,62",2,"26,99","6,24","0,085","0,231","0,684"
59,Fiji,27,0,18,9,0,0,0,0.0,66.67,0.0,27,0,0.0,Western Pacific,Ecuador ,LATIN AMER. & CARIB    ,13547510,283560,"47,8","0,79","-8,58","23,66",3300.0,"92,5","125,6","5,85","4,93","89,22",2,"22,29","4,23","0,07","0,312","0,618"
60,Finland,7398,329,6920,149,5,0,0,4.45,93.54,4.75,7340,58,0.79,Europe,Egypt ,NORTHERN AFRICA                    ,78887007,1001450,"78,8","0,24","-0,22","32,59",4000.0,"57,7","131,8","2,87","0,48","96,65",1,"22,94","5,23","0,149","0,357","0,493"
61,France,220352,30212,81212,108928,2551,17,267,13.71,36.86,37.2,214023,6329,2.96,Europe,El Salvador ,LATIN AMER. & CARIB    ,6822378,21040,"324,3","1,46","-3,74","25,1",4800.0,"80,2","142,4","31,85","12,07","56,08",2,"26,61","5,78","0,099","0,302","0,599"
62,Gabon,7189,49,4682,2458,205,0,219,0.68,65.13,1.05,6433,756,11.75,Africa,Equatorial Guinea ,SUB-SAHARAN AFRICA                 ,540109,28051,"19,3","1,06",0,"85,13",2700.0,"85,7","18,5","4,63","3,57","91,8",2,"35,59","15,06","0,03","0,906","0,062"
63,Gambia,326,8,66,252,49,2,6,2.45,20.25,12.12,112,214,191.07,Africa,Eritrea ,SUB-SAHARAN AFRICA                 ,4786994,121320,"39,5","1,84",0,"74,87",700.0,"58,6","7,9","4,95","0,03","95,02","1,5","34,33","9,6","0,102","0,254","0,643"
64,Georgia,1137,16,922,199,6,0,2,1.41,81.09,1.74,1039,98,9.43,Europe,Estonia ,BALTICS                            ,1324333,45226,"29,3","8,39","-3,16","7,87",12300.0,"99,8","333,8","16,04","0,45","83,51",3,"10,04","13,25","0,04","0,294","0,666"
65,Germany,207112,9125,190314,7673,445,1,259,4.41,91.89,4.79,203325,3787,1.86,Europe,Ethiopia ,SUB-SAHARAN AFRICA                 ,74777981,1127127,"66,3","0,00",0,"95,32",700.0,"42,7","8,2","10,71","0,75","88,54",2,"37,98","14,86","0,475","0,099","0,426"
66,Ghana,33624,168,29801,3655,655,0,307,0.5,88.63,0.56,28430,5194,18.27,Africa,Faroe Islands ,WESTERN EUROPE                     ,47246,1399,"33,8","79,84","1,41","6,24",22000.0,,"503,8","2,14",0,"97,86",,"14,05","8,7","0,27","0,11","0,62"
67,Greece,4227,202,1374,2651,34,0,0,4.78,32.51,14.7,4012,215,5.36,Europe,Fiji ,OCEANIA                            ,905949,18270,"49,6","6,18","-3,14","12,62",5800.0,"93,7","112,6","10,95","4,65","84,4",2,"22,55","5,65","0,089","0,135","0,776"
68,Greenland,14,0,13,1,1,0,0,0.0,92.86,0.0,13,1,7.69,Europe,Finland ,WESTERN EUROPE                     ,5231372,338145,"15,5","0,37","0,95","3,57",27400.0,"100,0","405,3","7,19","0,03","92,78",3,"10,45","9,86","0,028","0,295","0,676"
69,Grenada,23,0,23,0,0,0,0,0.0,100.0,0.0,23,0,0.0,Americas,France ,WESTERN EUROPE                     ,60876136,547030,"111,3","0,63","0,66","4,26",27600.0,"99,0","586,4","33,53","2,07","64,4",4,"11,99","9,14","0,022","0,214","0,764"
70,Guatemala,45309,1761,32455,11093,256,27,843,3.89,71.63,5.43,39039,6270,16.06,Americas,French Guiana ,LATIN AMER. & CARIB    ,199509,91000,"2,2","0,42","6,27","12,07",8300.0,"83,0","255,6","0,14","0,05","99,81",2,"20,46","4,88","0,066","0,156","0,778"
71,Guinea,7055,45,6257,753,47,2,105,0.64,88.69,0.72,6590,465,7.06,Africa,French Polynesia ,OCEANIA                            ,274578,4167,"65,9","60,60","2,94","8,44",17500.0,"98,0","194,5","0,82","5,46","93,72",2,"16,68","4,69","0,031","0,19","0,769"
72,Guinea-Bissau,1954,26,803,1125,0,0,0,1.33,41.1,3.24,1949,5,0.26,Africa,Gabon ,SUB-SAHARAN AFRICA                 ,1424906,267667,"5,3","0,33",0,"53,64",5500.0,"63,2","27,4","1,26","0,66","98,08",2,"36,16","12,25","0,061","0,592","0,348"
73,Guyana,389,20,181,188,19,0,0,5.14,46.53,11.05,337,52,15.43,Americas,"Gambia, The ",SUB-SAHARAN AFRICA                 ,1641564,11300,"145,3","0,71","1,57","72,02",1700.0,"40,1","26,8",25,"0,5","74,5",2,"39,37","12,25","0,308","0,142","0,549"
74,Haiti,7340,158,4365,2817,25,1,0,2.15,59.47,3.62,7053,287,4.07,Americas,Gaza Strip ,NEAR EAST                          ,1428757,360,"3968,8","11,11","1,6","22,93",600.0,,"244,3","28,95","21,05",50,3,"39,45","3,8","0,03","0,283","0,687"
75,Holy See,12,0,12,0,0,0,0,0.0,100.0,0.0,12,0,0.0,Europe,Georgia ,C.W. OF IND. STATES ,4661473,69700,"66,9","0,44","-4,7","18,59",2500.0,"99,0","146,6","11,44","3,86","84,7",3,"10,41","9,23","0,172","0,275","0,553"
76,Honduras,39741,1166,5039,33536,465,50,117,2.93,12.68,23.14,34611,5130,14.82,Americas,Germany ,WESTERN EUROPE                     ,82422299,357021,"230,9","0,67","2,18","4,16",27600.0,"99,0","667,9","33,85","0,59","65,56",3,"8,25","10,62","0,009","0,296","0,695"
77,Hungary,4448,596,3329,523,13,0,0,13.4,74.84,17.9,4339,109,2.51,Europe,Ghana ,SUB-SAHARAN AFRICA                 ,22409572,239460,"93,6","0,23","-0,64","51,43",2200.0,"74,8","14,4","16,26","9,67","74,07",2,"30,52","9,72","0,366","0,246","0,387"
78,Iceland,1854,10,1823,21,7,0,0,0.54,98.33,0.55,1839,15,0.82,Europe,Gibraltar ,WESTERN EUROPE                     ,27928,7,"3989,7","171,43",0,"5,13",17500.0,,"877,7",0,0,100,,"10,74","9,31",,,
79,India,1480073,33408,951166,495499,44457,637,33598,2.26,64.26,3.51,1155338,324735,28.11,South-East Asia,Greece ,WESTERN EUROPE                     ,10688058,131940,"81,0","10,37","2,35","5,53",20000.0,"97,5","589,7","21,1","8,78","70,12",3,"9,68","10,24","0,054","0,213","0,733"
80,Indonesia,100303,4838,58173,37292,1525,57,1518,4.82,58.0,8.32,88214,12089,13.7,South-East Asia,Greenland ,NORTHERN AMERICA                   ,56361,2166086,"0,0","2,04","-8,37","15,82",20000.0,,"448,9",0,0,100,1,"15,93","7,84",,,
81,Iran,293606,15912,255144,22550,2434,212,1931,5.42,86.9,6.24,276202,17404,6.3,Eastern Mediterranean,Grenada ,LATIN AMER. & CARIB    ,89703,344,"260,8","35,17","-13,92","14,62",5000.0,"98,0","364,5","5,88","29,41","64,71",2,"22,08","6,88","0,054","0,18","0,766"
82,Iraq,112585,4458,77144,30983,2553,96,1927,3.96,68.52,5.78,94693,17892,18.89,Eastern Mediterranean,Guadeloupe ,LATIN AMER. & CARIB    ,452776,1780,"254,4","17,19","-0,15","8,6",8000.0,"90,0","463,8","11,24","3,55","85,21",2,"15,05","6,09","0,15","0,17","0,68"
83,Ireland,25892,1764,23364,764,11,0,0,6.81,90.24,7.55,25766,126,0.49,Europe,Guam ,OCEANIA                            ,171019,541,"316,1","23,20",0,"6,94",21000.0,"99,0","492,0","9,09","16,36","74,55",2,"18,79","4,48",,,
84,Israel,63985,474,27133,36378,2029,4,108,0.74,42.41,1.75,52003,11982,23.04,Europe,Guatemala ,LATIN AMER. & CARIB    ,12293545,108890,"112,9","0,37","-1,67","35,93",4100.0,"70,6","92,1","12,54","5,03","82,43",2,"29,88","5,2","0,227","0,188","0,585"
85,Italy,246286,35112,198593,12581,168,5,147,14.26,80.64,17.68,244624,1662,0.68,Europe,Guernsey ,WESTERN EUROPE                     ,65409,78,"838,6","64,10","3,84","4,71",20000.0,,"842,4",,,,3,"8,81","10,01","0,03","0,1","0,87"
86,Jamaica,853,10,714,129,11,0,0,1.17,83.7,1.4,809,44,5.44,Americas,Guinea ,SUB-SAHARAN AFRICA                 ,9690222,245857,"39,4","0,13","-3,06","90,37",2100.0,"35,9","2,7","3,63","2,58","93,79",2,"41,76","15,48","0,237","0,362","0,401"
87,Japan,31142,998,21970,8174,594,0,364,3.2,70.55,4.54,25706,5436,21.15,Western Pacific,Guinea-Bissau ,SUB-SAHARAN AFRICA                 ,1442029,36120,"39,9","0,97","-1,57","107,17",800.0,"42,4","7,4","10,67","8,82","80,51",2,"37,22","16,53","0,62","0,12","0,26"
88,Jordan,1176,11,1041,124,8,0,0,0.94,88.52,1.06,1223,-47,-3.84,Eastern Mediterranean,Guyana ,LATIN AMER. & CARIB    ,767245,214970,"3,6","0,21","-2,07","33,26",4000.0,"98,8","143,5","2,44","0,15","97,41",2,"18,28","8,28","0,37","0,203","0,427"
89,Kazakhstan,84648,585,54404,29659,1526,0,1833,0.69,64.27,1.08,73468,11180,15.22,Europe,Haiti ,LATIN AMER. & CARIB    ,8308504,27750,"299,4","6,38","-3,4","73,45",1600.0,"52,9","16,9","28,3","11,61","60,09",2,"36,44","12,17","0,28","0,2","0,52"
90,Kenya,17975,285,7833,9857,372,5,90,1.59,43.58,3.64,13771,4204,30.53,Africa,Honduras ,LATIN AMER. & CARIB    ,7326496,112090,"65,4","0,73","-1,99","29,32",2600.0,"76,2","67,5","9,55","3,22","87,23",2,"28,24","5,28","0,139","0,312","0,549"
91,Kosovo,7413,185,4027,3201,496,16,274,2.5,54.32,4.59,5877,1536,26.14,Europe,Hong Kong ,ASIA (EX. NEAR EAST)         ,6940432,1092,"6355,7","67,12","5,24","2,97",28800.0,"93,5","546,7","5,05","1,01","93,94",2,"7,29","6,29","0,001","0,092","0,906"
92,Kuwait,64379,438,55057,8884,606,5,684,0.68,85.52,0.8,59763,4616,7.72,Eastern Mediterranean,Hungary ,EASTERN EUROPE                     ,9981334,93030,"107,3","0,00","0,86","8,57",13900.0,"99,4","336,2","50,09","2,06","47,85",3,"9,72","13,11","0,037","0,312","0,651"
93,Kyrgyzstan,33296,1301,21205,10790,483,24,817,3.91,63.69,6.14,27143,6153,22.67,Europe,Iceland ,WESTERN EUROPE                     ,299388,103000,"2,9","4,83","2,38","3,31",30900.0,"99,9","647,7","0,07",0,"99,93",3,"13,64","6,72","0,086","0,15","0,765"
94,Laos,20,0,19,1,0,0,0,0.0,95.0,0.0,19,1,5.26,Western Pacific,India ,ASIA (EX. NEAR EAST)         ,1095351995,3287590,"333,2","0,21","-0,07","56,29",2900.0,"59,5","45,4","54,4","2,74","42,86","2,5","22,01","8,18","0,186","0,276","0,538"
95,Latvia,1219,31,1045,143,0,0,0,2.54,85.73,2.97,1192,27,2.27,Europe,Indonesia ,ASIA (EX. NEAR EAST)         ,245452739,1919440,"127,9","2,85",0,"35,6",3200.0,"87,9","52,0","11,32","7,23","81,45",2,"20,34","6,25","0,134","0,458","0,408"
96,Lebanon,3882,51,1709,2122,132,0,17,1.31,44.02,2.98,2905,977,33.63,Eastern Mediterranean,Iran ,ASIA (EX. NEAR EAST)         ,68688433,1648000,"41,7","0,15","-0,84","41,58",7000.0,"79,4","276,4","8,72","1,39","89,89",1,17,"5,55","0,116","0,424","0,46"
97,Lesotho,505,12,128,365,0,0,0,2.38,25.35,9.38,359,146,40.67,Africa,Iraq ,NEAR EAST                          ,26783383,437072,"61,3","0,01",0,"50,25",1500.0,"40,4","38,6","13,15","0,78","86,07",1,"31,98","5,37","0,073","0,666","0,261"
98,Liberia,1167,72,646,449,5,0,5,6.17,55.36,11.15,1107,60,5.42,Africa,Ireland ,WESTERN EUROPE                     ,4062235,70280,"57,8","2,06","4,99","5,39",29600.0,"98,0","500,5","15,2","0,03","84,77",3,"14,45","7,82","0,05","0,46","0,49"
99,Libya,2827,64,577,2186,158,4,24,2.26,20.41,11.09,1980,847,42.78,Eastern Mediterranean,Isle of Man ,WESTERN EUROPE                     ,75441,572,"131,9","27,97","5,36","5,93",21000.0,,"676,0",9,0,91,3,"11,05","11,19","0,01","0,13","0,86"
100,Liechtenstein,86,1,81,4,0,0,0,1.16,94.19,1.23,86,0,0.0,Europe,Israel ,NEAR EAST                          ,6352117,20770,"305,8","1,31","0,68","7,03",19800.0,"95,4","462,3","16,39","4,17","79,44",3,"17,97","6,18","0,026","0,317","0,657"
101,Lithuania,2019,80,1620,319,11,0,4,3.96,80.24,4.94,1947,72,3.7,Europe,Italy ,WESTERN EUROPE                     ,58133509,301230,"193,0","2,52","2,07","5,94",26700.0,"98,6","430,9","27,79","9,53","62,68",,"8,72","10,4","0,021","0,291","0,688"
102,Luxembourg,6321,112,4825,1384,49,0,178,1.77,76.33,2.32,5639,682,12.09,Europe,Jamaica ,LATIN AMER. & CARIB    ,2758124,10991,"250,9","9,30","-4,92","12,36",3900.0,"87,9","124,0","16,07","10,16","73,77",2,"20,82","6,52","0,049","0,337","0,615"
103,Madagascar,9690,91,6260,3339,395,6,681,0.94,64.6,1.45,7153,2537,35.47,Africa,Japan ,ASIA (EX. NEAR EAST)         ,127463611,377835,"337,4","7,87",0,"3,26",28200.0,"99,0","461,2","12,19","0,96","86,85",3,"9,37","9,16","0,017","0,258","0,725"
104,Malawi,3664,99,1645,1920,24,0,6,2.7,44.9,6.02,2992,672,22.46,Africa,Jersey ,WESTERN EUROPE                     ,91084,116,"785,2","60,34","2,76","5,24",24800.0,,"811,3",0,0,100,3,"9,3","9,28","0,05","0,02","0,93"
105,Malaysia,8904,124,8601,179,7,0,1,1.39,96.6,1.44,8800,104,1.18,Western Pacific,Jordan ,NEAR EAST                          ,5906760,92300,"64,0","0,03","6,59","17,35",4300.0,"91,3","104,5","2,67","1,83","95,5",1,"21,25","2,65","0,033","0,287","0,68"
106,Maldives,3369,15,2547,807,67,0,19,0.45,75.6,0.59,2999,370,12.34,South-East Asia,Kazakhstan ,C.W. OF IND. STATES ,15233244,2717300,"5,6","0,00","-3,35","29,21",6300.0,"98,4","164,1","7,98","0,05","91,97",4,16,"9,42","0,067","0,386","0,547"
107,Mali,2513,124,1913,476,3,1,2,4.93,76.12,6.48,2475,38,1.54,Africa,Kenya ,SUB-SAHARAN AFRICA                 ,34707817,582650,"59,6","0,09","-0,1","61,47",1000.0,"85,1","8,1","8,08","0,98","90,94","1,5","39,72","14,02","0,163","0,188","0,651"
108,Malta,701,9,665,27,1,0,0,1.28,94.86,1.35,677,24,3.55,Europe,Kiribati ,OCEANIA                            ,105432,811,"130,0","140,94",0,"48,52",800.0,,"42,7","2,74","50,68","46,58",2,"30,65","8,26","0,089","0,242","0,668"
109,Mauritania,6208,156,4653,1399,37,0,223,2.51,74.95,3.35,5923,285,4.81,Africa,"Korea, North ",ASIA (EX. NEAR EAST)         ,23113019,120540,"191,8","2,07",0,"24,04",1300.0,"99,0","42,4","20,76","2,49","76,75",3,"15,54","7,13","0,3","0,34","0,36"
110,Mauritius,344,10,332,2,0,0,0,2.91,96.51,3.01,343,1,0.29,Africa,"Korea, South ",ASIA (EX. NEAR EAST)         ,48846823,98480,"496,0","2,45",0,"7,05",17800.0,"97,9","486,1","17,18","1,95","80,87",3,10,"5,85","0,033","0,403","0,563"
111,Mexico,395489,44022,303810,47657,4973,342,8588,11.13,76.82,14.49,349396,46093,13.19,Americas,Kuwait ,NEAR EAST                          ,2418393,17820,"135,7","2,80","14,18","9,95",19000.0,"83,5","211,0","0,73","0,11","99,16",1,"21,94","2,41","0,004","0,479","0,516"
112,Moldova,23154,748,16154,6252,120,13,245,3.23,69.77,4.63,21115,2039,9.66,Europe,Kyrgyzstan ,C.W. OF IND. STATES ,5213898,198500,"26,3","0,00","-2,45","35,64",1600.0,"97,0","84,0","7,3","0,35","92,35","2,5","22,8","7,08","0,353","0,208","0,439"
113,Monaco,116,4,104,8,0,0,0,3.45,89.66,3.85,109,7,6.42,Europe,Laos ,ASIA (EX. NEAR EAST)         ,6368481,236800,"26,9","0,00",0,"85,22",1700.0,"66,4","14,1","3,8","0,35","95,85",2,"35,49","11,55","0,455","0,287","0,258"
114,Mongolia,289,0,222,67,1,0,4,0.0,76.82,0.0,287,2,0.7,Western Pacific,Latvia ,BALTICS                            ,2274735,64589,"35,2","0,82","-2,23","9,55",10200.0,"99,8","321,4","29,67","0,47","69,86",3,"9,24","13,66","0,04","0,261","0,699"
115,Montenegro,2893,45,809,2039,94,2,70,1.56,27.96,5.56,2188,705,32.22,Europe,Lebanon ,NEAR EAST                          ,3874050,10400,"372,5","2,16",0,"24,52",4800.0,"87,4","255,6","16,62","13,98","69,4",,"18,52","6,21","0,12","0,21","0,67"
116,Morocco,20887,316,16553,4018,609,3,115,1.51,79.25,1.91,17562,3325,18.93,Eastern Mediterranean,Lesotho ,SUB-SAHARAN AFRICA                 ,2022331,30355,"66,6","0,00","-0,74","84,23",3000.0,"84,8","23,7","10,87","0,13",89,3,"24,75","28,71","0,163","0,443","0,394"
117,Mozambique,1701,11,0,1690,32,0,0,0.65,0.0,inf,1507,194,12.87,Africa,Liberia ,SUB-SAHARAN AFRICA                 ,3042004,111370,"27,3","0,52",0,"128,87",1000.0,"57,5","2,3","3,95","2,28","93,77",2,"44,77","23,1","0,769","0,054","0,177"
118,Namibia,1843,8,101,1734,68,0,26,0.43,5.48,7.92,1344,499,37.13,Africa,Libya ,NORTHERN AFRICA                    ,5900754,1759540,"3,4","0,10",0,"24,6",6400.0,"82,6","127,1","1,03","0,19","98,78",,"26,49","3,48","0,076","0,499","0,425"
119,Nepal,18752,48,13754,4950,139,3,626,0.26,73.35,0.35,17844,908,5.09,South-East Asia,Liechtenstein ,WESTERN EUROPE                     ,33987,160,"212,4","0,00","4,85","4,7",25000.0,"100,0","585,5",25,0,75,4,"10,21","7,18","0,06","0,39","0,55"
120,Netherlands,53413,6160,189,47064,419,1,0,11.53,0.35,3259.26,52132,1281,2.46,Europe,Lithuania ,BALTICS                            ,3585906,65200,"55,0","0,14","-0,71","6,89",11400.0,"99,6","223,4","45,22","0,91","53,87",,"8,75","10,98","0,055","0,325","0,62"
121,New Zealand,1557,22,1514,21,1,0,1,1.41,97.24,1.45,1555,2,0.13,Western Pacific,Luxembourg ,WESTERN EUROPE                     ,474413,2586,"183,5","0,00","8,97","4,81",55100.0,"100,0","515,4","23,28","0,4","76,32",,"11,94","8,41","0,01","0,13","0,86"
122,Nicaragua,3439,108,2492,839,0,0,0,3.14,72.46,4.33,3147,292,9.28,Americas,Macau ,ASIA (EX. NEAR EAST)         ,453125,28,"16183,0","146,43","4,86","4,39",19400.0,"94,5","384,9",0,0,100,2,"8,48","4,47","0,001","0,072","0,927"
123,Niger,1132,69,1027,36,0,0,0,6.1,90.72,6.72,1105,27,2.44,Africa,Macedonia ,EASTERN EUROPE                     ,2050554,25333,"80,9","0,00","-1,45","10,09",6700.0,,"260,0","22,26","1,81","75,93",3,"12,02","8,77","0,118","0,319","0,563"
124,Nigeria,41180,860,18203,22117,648,2,829,2.09,44.2,4.72,37225,3955,10.62,Africa,Madagascar ,SUB-SAHARAN AFRICA                 ,18595469,587040,"31,7","0,82",0,"76,83",800.0,"68,9","3,6","5,07","1,03","93,91",2,"41,41","11,11","0,276","0,165","0,559"
125,North Macedonia,10213,466,5564,4183,127,6,137,4.56,54.48,8.38,9249,964,10.42,Europe,Malawi ,SUB-SAHARAN AFRICA                 ,13013926,118480,"109,8","0,00",0,"103,32",600.0,"62,7","7,9","23,38","1,49","75,13",2,"43,13","19,33","0,342","0,158","0,499"
126,Norway,9132,255,8752,125,15,0,0,2.79,95.84,2.91,9034,98,1.08,Europe,Malaysia ,ASIA (EX. NEAR EAST)         ,24385858,329750,"74,0","1,42",0,"17,7",9000.0,"88,7","179,0","5,48","17,61","76,91",2,"22,86","5,05","0,084","0,48","0,436"
127,Oman,77058,393,57028,19637,1053,9,1729,0.51,74.01,0.69,68400,8658,12.66,Eastern Mediterranean,Maldives ,ASIA (EX. NEAR EAST)         ,359008,300,"1196,7","214,67",0,"56,52",3900.0,"97,2","90,0","13,33","16,67",70,2,"34,81","7,06","0,2","0,18","0,62"
128,Pakistan,274289,5842,241026,27421,1176,20,3592,2.13,87.87,2.42,266096,8193,3.08,Eastern Mediterranean,Mali ,SUB-SAHARAN AFRICA                 ,11716829,1240000,"9,5","0,00","-0,33","116,79",900.0,"46,4","6,4","3,82","0,03","96,15",2,"49,82","16,89","0,45","0,17","0,38"
129,Panama,61442,1322,35086,25034,1146,28,955,2.15,57.1,3.77,54426,7016,12.89,Americas,Malta ,WESTERN EUROPE                     ,400214,316,"1266,5","62,28","2,07","3,89",17700.0,"92,8","505,0","28,13","3,13","68,74",,"10,22","8,1","0,03","0,23","0,74"
130,Papua New Guinea,62,0,11,51,0,0,0,0.0,17.74,0.0,19,43,226.32,Western Pacific,Marshall Islands ,OCEANIA                            ,60422,11854,"5,1","3,12","-6,04","29,45",1600.0,"93,7","91,2","16,67","38,89","44,44",2,"33,05","4,78","0,317","0,149","0,534"
131,Paraguay,4548,43,2905,1600,104,2,111,0.95,63.87,1.48,3748,800,21.34,Americas,Martinique ,LATIN AMER. & CARIB    ,436131,1100,"396,5","31,82","-0,05","7,09",14400.0,"97,7","394,4","10,38","9,43","80,19",2,"13,74","6,48","0,06","0,11","0,83"
132,Peru,389717,18418,272547,98752,13756,575,4697,4.73,69.93,6.76,357681,32036,8.96,Americas,Mauritania ,SUB-SAHARAN AFRICA                 ,3177388,1030700,"3,1","0,07",0,"70,89",1800.0,"41,7","12,9","0,48","0,01","99,51",1,"40,99","12,16","0,25","0,29","0,46"
133,Philippines,82040,1945,26446,53649,1592,13,336,2.37,32.24,7.35,68898,13142,19.07,Western Pacific,Mauritius ,SUB-SAHARAN AFRICA                 ,1240827,2040,"608,3","8,68","-0,9","15,03",11400.0,"85,6","289,3","49,26","2,96","47,78",2,"15,43","6,86","0,059","0,298","0,643"
134,Poland,43402,1676,32856,8870,337,5,103,3.86,75.7,5.1,40383,3019,7.48,Europe,Mayotte ,SUB-SAHARAN AFRICA                 ,201234,374,"538,1","49,52","6,78","62,4",2600.0,,"49,7",,,,2,"40,95","7,7",,,
135,Portugal,50299,1719,35375,13205,135,2,158,3.42,70.33,4.86,48771,1528,3.13,Europe,Mexico ,LATIN AMER. & CARIB    ,107449525,1972550,"54,5","0,47","-4,87","20,91",9000.0,"92,2","181,6","12,99","1,31","85,7","1,5","20,69","4,74","0,038","0,259","0,702"
136,Qatar,109597,165,106328,3104,292,0,304,0.15,97.02,0.16,107037,2560,2.39,Eastern Mediterranean,"Micronesia, Fed. St. ",OCEANIA                            ,108004,702,"153,9","870,66","-20,99","30,21",2000.0,"89,0","114,8","5,71","45,71","48,58",2,"24,68","4,75","0,289","0,152","0,559"
137,Romania,45902,2206,25794,17902,1104,19,151,4.81,56.19,8.55,38139,7763,20.35,Europe,Moldova ,C.W. OF IND. STATES ,4466706,33843,"132,0","0,00","-0,26","40,42",1800.0,"99,1","208,1","55,3","10,79","33,91",,"15,7","12,64","0,213","0,233","0,555"
138,Russia,816680,13334,602249,201097,5607,85,3077,1.63,73.74,2.21,776212,40468,5.21,Europe,Monaco ,WESTERN EUROPE                     ,32543,2,"16271,5","205,00","7,75","5,43",27000.0,"99,0","1035,6",0,0,100,,"9,19","12,91","0,17",,
139,Rwanda,1879,5,975,899,58,0,57,0.27,51.89,0.51,1629,250,15.35,Africa,Mongolia ,ASIA (EX. NEAR EAST)         ,2832224,1564116,"1,8","0,00",0,"53,79",1800.0,"97,8","55,1","0,77",0,"99,23",1,"21,59","6,95","0,206","0,214","0,58"
140,Saint Kitts and Nevis,17,0,15,2,0,0,0,0.0,88.24,0.0,17,0,0.0,Americas,Montserrat ,LATIN AMER. & CARIB    ,9439,102,"92,5","39,22",0,"7,35",3400.0,"97,0",,20,0,80,2,"17,59","7,1",,,
141,Saint Lucia,24,0,22,2,0,0,0,0.0,91.67,0.0,23,1,4.35,Americas,Morocco ,NORTHERN AFRICA                    ,33241259,446550,"74,4","0,41","-0,98","41,62",4000.0,"51,7","40,4","19,61","2,17","78,22",,"21,98","5,58","0,217","0,357","0,426"
142,Saint Vincent and the Grenadines,52,0,39,13,0,0,0,0.0,75.0,0.0,50,2,4.0,Americas,Mozambique ,SUB-SAHARAN AFRICA                 ,19686505,801590,"24,6","0,31",0,"130,79",1200.0,"47,8","3,5","5,1","0,3","94,6",2,"35,18","21,35","0,262","0,348","0,39"
143,San Marino,699,42,657,0,0,0,0,6.01,93.99,6.39,699,0,0.0,Europe,Namibia ,SUB-SAHARAN AFRICA                 ,2044147,825418,"2,5","0,19",0,"48,98",7200.0,"84,0","62,6","0,99",0,"99,01",1,"24,32","18,86","0,097","0,315","0,588"
144,Sao Tome and Principe,865,14,734,117,2,0,38,1.62,84.86,1.91,746,119,15.95,Africa,Nauru ,OCEANIA                            ,13287,21,"632,7","142,86",0,"9,95",5000.0,,"143,0",0,0,100,2,"24,76","6,7",,,
145,Saudi Arabia,268934,2760,222936,43238,1993,27,2613,1.03,82.9,1.24,253349,15585,6.15,Eastern Mediterranean,Nepal ,ASIA (EX. NEAR EAST)         ,28287147,147181,"192,2","0,00",0,"66,98",1400.0,"45,2","15,9","21,68","0,64","77,68",,"30,98","9,31","0,38","0,21","0,41"
146,Senegal,9764,194,6477,3093,83,3,68,1.99,66.34,3.0,8948,816,9.12,Africa,Netherlands ,WESTERN EUROPE                     ,16491461,41526,"397,1","1,09","2,91","5,04",28600.0,"99,0","460,8","26,71","0,97","72,32",3,"10,9","8,68","0,021","0,244","0,736"
147,Serbia,24141,543,0,23598,411,9,0,2.25,0.0,inf,21253,2888,13.59,Europe,Netherlands Antilles ,LATIN AMER. & CARIB    ,221736,960,"231,0","37,92","-0,41","10,03",11400.0,"96,7","365,3",10,0,90,2,"14,78","6,45","0,01","0,15","0,84"
148,Seychelles,114,0,39,75,0,0,0,0.0,34.21,0.0,108,6,5.56,Africa,New Caledonia ,OCEANIA                            ,219246,19060,"11,5","11,83",0,"7,72",15000.0,"91,0","252,2","0,38","0,33","99,29",2,"18,11","5,69","0,15","0,088","0,762"
149,Sierra Leone,1783,66,1317,400,0,0,4,3.7,73.86,5.01,1711,72,4.21,Africa,New Zealand ,OCEANIA                            ,4076140,268680,"15,2","5,63","4,05","5,85",21600.0,"99,0","441,7","5,6","6,99","87,41",3,"13,76","7,53","0,043","0,273","0,684"
150,Singapore,50838,27,45692,5119,469,0,171,0.05,89.88,0.06,48035,2803,5.84,Western Pacific,Nicaragua ,LATIN AMER. & CARIB    ,5570129,129494,"43,0","0,70","-1,22","29,11",2300.0,"67,5","39,7","15,94","1,94","82,12",2,"24,51","4,45","0,165","0,275","0,56"
151,Slovakia,2181,28,1616,537,2,0,39,1.28,74.09,1.73,1980,201,10.15,Europe,Niger ,SUB-SAHARAN AFRICA                 ,12525094,1267000,"9,9","0,00","-0,67","121,69",800.0,"17,6","1,9","3,54","0,01","96,45",1,"50,73","20,91","0,39","0,17","0,44"
152,Slovenia,2087,116,1733,238,5,0,55,5.56,83.04,6.69,1953,134,6.86,Europe,Nigeria ,SUB-SAHARAN AFRICA                 ,131859731,923768,"142,7","0,09","0,26","98,8",900.0,"68,0","9,3","31,29","2,96","65,75","1,5","40,43","16,94","0,269","0,487","0,244"
153,Somalia,3196,93,1543,1560,18,0,22,2.91,48.28,6.03,3130,66,2.11,Eastern Mediterranean,N. Mariana Islands ,OCEANIA                            ,82459,477,"172,9","310,69","9,61","7,11",12500.0,"97,0","254,7","13,04","4,35","82,61",2,"19,43","2,29",,,
154,South Africa,452529,7067,274925,170537,7096,298,9848,1.56,60.75,2.57,373628,78901,21.12,Africa,Norway ,WESTERN EUROPE                     ,4610820,323802,"14,2","7,77","1,74","3,7",37800.0,"100,0","461,7","2,87",0,"97,13",3,"11,46","9,4","0,021","0,415","0,564"
155,South Korea,14203,300,13007,896,28,1,102,2.11,91.58,2.31,13816,387,2.8,Western Pacific,Oman ,NEAR EAST                          ,3102229,212460,"14,6","0,98","0,28","19,51",13100.0,"75,8","85,5",0,"0,14","99,74",1,"36,24","3,81","0,027","0,39","0,583"
156,South Sudan,2305,46,1175,1084,43,1,0,2.0,50.98,3.91,2211,94,4.25,Africa,Pakistan ,ASIA (EX. NEAR EAST)         ,165803560,803940,"206,2","0,13","-2,77","72,44",2100.0,"45,7","31,8","27,87","0,87","71,26",1,"29,74","8,23","0,216","0,251","0,533"
157,Spain,272421,28432,150376,93613,0,0,0,10.44,55.2,18.91,264836,7585,2.86,Europe,Palau ,OCEANIA                            ,20579,458,"44,9","331,66","2,85","14,84",9000.0,"92,0","325,6","8,7","4,35","86,95",2,"18,03","6,8","0,062","0,12","0,818"
158,Sri Lanka,2805,11,2121,673,23,0,15,0.39,75.61,0.52,2730,75,2.75,South-East Asia,Panama ,LATIN AMER. & CARIB    ,3191319,78200,"40,8","3,18","-0,91","20,47",6300.0,"92,6","137,9","7,36","1,98","90,66",2,"21,74","5,36","0,068","0,156","0,776"
159,Sudan,11424,720,5939,4765,39,3,49,6.3,51.99,12.12,10992,432,3.93,Eastern Mediterranean,Papua New Guinea ,OCEANIA                            ,5670544,462840,"12,3","1,11",0,"51,45",2200.0,"64,6","10,9","0,46","1,44","98,1",2,"29,36","7,25","0,353","0,381","0,266"
160,Suriname,1483,24,925,534,44,1,35,1.62,62.37,2.59,1079,404,37.44,Americas,Paraguay ,LATIN AMER. & CARIB    ,6506464,406750,"16,0","0,00","-0,08","25,63",4700.0,"94,0","49,2","7,6","0,23","92,17",2,"29,1","4,49","0,224","0,207","0,569"
161,Sweden,79395,5700,0,73695,398,3,0,7.18,0.0,inf,78048,1347,1.73,Europe,Peru ,LATIN AMER. & CARIB    ,28302603,1285220,"22,0","0,19","-1,05","31,94",5100.0,"90,9","79,5","2,89","0,4","96,71","1,5","20,48","6,23","0,08","0,27","0,65"
162,Switzerland,34477,1978,30900,1599,65,1,200,5.74,89.62,6.4,33634,843,2.51,Europe,Philippines ,ASIA (EX. NEAR EAST)         ,89468677,300000,"298,2","12,10","-1,5","23,51",4600.0,"92,6","38,4","18,95","16,77","64,28",2,"24,89","5,41","0,144","0,326","0,53"
163,Syria,674,40,0,634,24,2,0,5.93,0.0,inf,522,152,29.12,Eastern Mediterranean,Poland ,EASTERN EUROPE                     ,38536869,312685,"123,3","0,16","-0,49","8,51",11100.0,"99,8","306,3","45,91","1,12","52,97",3,"9,85","9,89","0,05","0,311","0,64"
164,Taiwan*,462,7,440,15,4,0,0,1.52,95.24,1.59,451,11,2.44,Western Pacific,Portugal ,WESTERN EUROPE                     ,10605870,92391,"114,8","1,94","3,57","5,05",18000.0,"93,3","399,2","21,75","7,81","70,44",3,"10,72","10,5","0,053","0,274","0,673"
165,Tajikistan,7235,60,6028,1147,43,1,58,0.83,83.32,1.0,6921,314,4.54,Europe,Puerto Rico ,LATIN AMER. & CARIB    ,3927188,13790,"284,8","3,63","-1,46","8,24",16800.0,"94,1","283,1","3,95","5,52","90,53",2,"12,77","7,65","0,01","0,45","0,54"
166,Tanzania,509,21,183,305,0,0,0,4.13,35.95,11.48,509,0,0.0,Africa,Qatar ,NEAR EAST                          ,885359,11437,"77,4","4,92","16,29","18,61",21500.0,"82,5","232,0","1,64","0,27","98,09",1,"15,56","4,72","0,002","0,801","0,197"
167,Thailand,3297,58,3111,128,6,0,2,1.76,94.36,1.86,3250,47,1.45,South-East Asia,Reunion ,SUB-SAHARAN AFRICA                 ,787584,2517,"312,9","8,22",0,"7,78",5800.0,"88,9","380,9","13,6","1,2","85,2",2,"18,9","5,49","0,08","0,19","0,73"
168,Timor-Leste,24,0,0,24,0,0,0,0.0,0.0,0.0,24,0,0.0,South-East Asia,Romania ,EASTERN EUROPE                     ,22303552,237500,"93,9","0,09","-0,13","26,43",7000.0,"98,4","196,9","40,82","2,25","56,93",3,"10,7","11,77","0,101","0,35","0,549"
169,Togo,874,18,607,249,6,0,8,2.06,69.45,2.97,783,91,11.62,Africa,Russia ,C.W. OF IND. STATES ,142893540,17075200,"8,4","0,22","1,02","15,39",8900.0,"99,6","280,6","7,33","0,11","92,56",,"9,95","14,65","0,054","0,371","0,575"
170,Trinidad and Tobago,148,8,128,12,1,0,0,5.41,86.49,6.25,137,11,8.03,Americas,Rwanda ,SUB-SAHARAN AFRICA                 ,8648248,26338,"328,4","0,00",0,"91,23",1300.0,"70,4","2,7","40,54","12,16","47,3",3,"40,37","16,09","0,401","0,229","0,37"
171,Tunisia,1455,50,1157,248,3,0,15,3.44,79.52,4.32,1381,74,5.36,Eastern Mediterranean,Saint Helena ,SUB-SAHARAN AFRICA                 ,7502,413,"18,2","14,53",0,19,2500.0,"97,0","293,3","12,9",0,"87,1",,"12,13","6,53",,,
172,Turkey,227019,5630,210469,10920,919,17,982,2.48,92.71,2.67,220572,6447,2.92,Europe,Saint Kitts & Nevis ,LATIN AMER. & CARIB    ,39129,261,"149,9","51,72","-7,11","14,49",8800.0,"97,0","638,9","19,44","2,78","77,78",2,"18,02","8,33","0,035","0,258","0,707"
173,US,4290259,148011,1325804,2816444,56336,1076,27941,3.45,30.9,11.16,3834677,455582,11.88,Americas,Saint Lucia ,LATIN AMER. & CARIB    ,168458,616,"273,5","25,65","-2,67","13,53",5400.0,"67,0","303,3","6,56","22,95","70,49",2,"19,68","5,08","0,07","0,2","0,73"
174,Uganda,1128,2,986,140,13,0,4,0.18,87.41,0.2,1069,59,5.52,Africa,St Pierre & Miquelon ,NORTHERN AMERICA                   ,7026,242,"29,0","49,59","-4,86","7,54",6900.0,"99,0","683,2","13,04",0,"86,96",,"13,52","6,83",,,
175,Ukraine,67096,1636,37202,28258,835,11,317,2.44,55.45,4.4,60767,6329,10.42,Europe,Saint Vincent and the Grenadines ,LATIN AMER. & CARIB    ,117848,389,"303,0","21,59","-7,64","14,78",2900.0,"96,0","190,9","17,95","17,95","64,1",2,"16,18","5,98","0,1","0,26","0,64"
176,United Arab Emirates,59177,345,52510,6322,264,1,328,0.58,88.73,0.66,57193,1984,3.47,Eastern Mediterranean,Samoa ,OCEANIA                            ,176908,2944,"60,1","13,69","-11,7","27,71",5600.0,"99,7","75,2","21,2","24,38","54,42",2,"16,43","6,62","0,114","0,584","0,302"
177,United Kingdom,301708,45844,1437,254427,688,7,3,15.19,0.48,3190.26,296944,4764,1.6,Europe,San Marino ,WESTERN EUROPE                     ,29251,61,"479,5","0,00","10,98","5,73",34600.0,"96,0","704,3","16,67",0,"83,33",,"10,02","8,17",,,
178,Uruguay,1202,35,951,216,10,1,3,2.91,79.12,3.68,1064,138,12.97,Americas,Sao Tome & Principe ,SUB-SAHARAN AFRICA                 ,193413,1001,"193,2","20,88","-2,72","43,11",1200.0,"79,3","36,2","6,25","48,96","44,79",2,"40,25","6,47","0,167","0,148","0,684"
179,Uzbekistan,21209,121,11674,9414,678,5,569,0.57,55.04,1.04,17149,4060,23.67,Europe,Saudi Arabia ,NEAR EAST                          ,27019731,1960582,"13,8","0,13","-2,71","13,24",11800.0,"78,8","140,6","1,67","0,09","98,24",1,"29,34","2,58","0,033","0,613","0,354"
180,Venezuela,15988,146,9959,5883,525,4,213,0.91,62.29,1.47,12334,3654,29.63,Americas,Senegal ,SUB-SAHARAN AFRICA                 ,11987121,196190,"61,1","0,27","0,2","55,51",1600.0,"40,2","22,2","12,78","0,21","87,01",2,"32,78","9,42","0,172","0,209","0,619"
181,Vietnam,431,0,365,66,11,0,0,0.0,84.69,0.0,384,47,12.24,Western Pacific,Serbia ,EASTERN EUROPE                     ,9396411,88361,"106,3","0,00","-1,33","12,89",2200.0,"93,0","285,8","33,35","3,2","63,45",,,,"0,166","0,255","0,579"
182,West Bank and Gaza,10621,78,3752,6791,152,2,0,0.73,35.33,2.08,8916,1705,19.12,Eastern Mediterranean,Seychelles ,SUB-SAHARAN AFRICA                 ,81541,455,"179,2","107,91","-5,69","15,53",7800.0,"58,0","262,4","2,22","13,33","84,45",2,"16,03","6,29","0,032","0,304","0,665"
183,Western Sahara,10,1,8,1,0,0,0,10.0,80.0,12.5,10,0,0.0,Africa,Sierra Leone ,SUB-SAHARAN AFRICA                 ,6005250,71740,"83,7","0,56",0,"143,64",500.0,"31,4","4,0","6,98","0,89","92,13",2,"45,76","23,03","0,49","0,31","0,21"
184,Yemen,1691,483,833,375,10,4,36,28.56,49.26,57.98,1619,72,4.45,Eastern Mediterranean,Singapore ,ASIA (EX. NEAR EAST)         ,4492150,693,"6482,2","27,85","11,53","2,29",23700.0,"92,5","411,4","1,64",0,"98,36",2,"9,34","4,28",0,"0,339","0,661"
185,Zambia,4552,140,2815,1597,71,1,465,3.08,61.84,4.97,3326,1226,36.86,Africa,Slovakia ,EASTERN EUROPE                     ,5439448,48845,"111,4","0,00","0,3","7,41",13300.0,,"220,1","30,16","2,62","67,22",3,"10,65","9,45","0,035","0,294","0,672"
186,Zimbabwe,2704,36,542,2126,192,2,24,1.33,20.04,6.64,1713,991,57.85,Africa,Slovenia ,EASTERN EUROPE                     ,2010347,20273,"99,2","0,23","1,12","4,45",19000.0,"99,7","406,1","8,6","1,49","89,91",,"8,98","10,31","0,028","0,369","0,603"
